[
    {
        "product_id": "1",
        "product_name": "Laptop",
        "product_category": "Electronics",
        "product_price": 700,
        "product_description": "A high-performance laptop suitable for all your computing needs.",
        "product_image": "http://127.0.0.1:8000/static/images/laptop.jpg"
    },
    {
        "product_id": "2",
        "product_name": "Smartphone",
        "product_category": "Electronics",
        "product_price": 500,
        "product_description": "A sleek smartphone with the latest features and excellent performance.",
        "product_image": "http://127.0.0.1:8000/static/images/smartphone.jpg"
    },
    {
        "product_id": "3",
        "product_name": "Running Shoes",
        "product_category": "Sportswear",
        "product_price": 80,
        "product_description": "Comfortable running shoes for all-day wear.",
        "product_image": "http://127.0.0.1:8000/static/images/shoes.jpg"
    },
    {
        "product_id": "4",
        "product_name": "T-Shirt",
        "product_category": "Clothing",
        "product_price": 20,
        "product_description": "A soft and durable t-shirt for casual wear.",
        "product_image": "http://127.0.0.1:8000/static/images/tshirt.jpg"
    },
    {
        "product_id": "5",
        "product_name": "Headphones",
        "product_category": "Electronics",
        "product_price": 150,
        "product_description": "Noise-cancelling headphones with crystal clear audio quality.",
        "product_image": "http://127.0.0.1:8000/static/images/headphones.jpg"
    }
]
